id,title,url
1,Monteur de gaine  H/F,https://www.lejobadequat.com/emplois/261836-monteur-de-gaine-f-h-fr
2,Chef d&#8217;équipe maçonnerie  H/F,https://www.lejobadequat.com/emplois/261835-chef-dequipe-maconnerie-f-h-fr
3,Menuisier atelier bois  H/F,https://www.lejobadequat.com/emplois/261834-menuisier-atelier-bois-f-h-fr
4,Ouvrier polyvalent  H/F,https://www.lejobadequat.com/emplois/261833-ouvrier-polyvalent-f-h-fr
5,Charpentier  H/F,https://www.lejobadequat.com/emplois/261832-charpentier-h-f-fr
6,Soudeur tig inox  H/F,https://www.lejobadequat.com/emplois/261831-soudeur-tig-inox-f-h-fr
7,Peintre coloriste en carrosserie  H/F,https://www.lejobadequat.com/emplois/261830-peintre-coloriste-en-carrosserie-h-f-fr
8,Technicien de maintenance  H/F,https://www.lejobadequat.com/emplois/261828-technicien-de-maintenance-f-h-fr
9,Poseur de stores  H/F,https://www.lejobadequat.com/emplois/261827-poseur-de-stores-h-f-fr
10,Conducteur de ligne agroalimentaire  H/F,https://www.lejobadequat.com/emplois/261825-conducteur-de-ligne-agroalimentaire-f-h-fr
11,Maçon  H/F,https://www.lejobadequat.com/emplois/261824-macon-h-f-fr
12,Vendeur comptoir  H/F,https://www.lejobadequat.com/emplois/261823-vendeur-comptoir-f-h-fr
